﻿Date,IssueType,ProductCategory,ResolutionTime
01.04.16,Delivery Delay,Sleep Aid and Accessories,1
01.04.16,Delivery Delay,Mattress,2
01.04.16,Incorrect Item,Pillow,3
01.04.16,Return Request,Sleep Aid and Accessories,4
02.04.16,Pillow Defect,Pillow,5
03.04.16,Delivery Delay,Mattress,6
04.04.16,Incorrect Item,Pillow,7
05.04.16,Return Request,Sleep Aid and Accessories,8
06.04.16,Pillow Defect,Pillow,9
06.04.16,Delivery Delay,Mattress,10
06.04.16,Incorrect Item,Pillow,11
07.04.16,Return Request,Sleep Aid and Accessories,12
08.04.16,Pillow Defect,Pillow,13
09.04.16,Delivery Delay,Mattress,2
10.04.16,Incorrect Item,Pillow,3
11.04.16,Return Request,Sleep Aid and Accessories,4
12.04.16,Pillow Defect,Pillow,5
13.04.16,Delivery Delay,Mattress,6
14.04.16,Incorrect Item,Pillow,7
14.04.16,Return Request,Sleep Aid and Accessories,8
14.04.16,Delivery Delay,Sleep Aid and Accessories,6
14.04.16,Delivery Delay,Mattress,7
14.04.16,Incorrect Item,Pillow,8
14.04.16,Return Request,Sleep Aid and Accessories,9
15.04.16,Pillow Defect,Pillow,1
15.04.16,Delivery Delay,Mattress,2
15.04.16,Incorrect Item,Pillow,3
15.04.16,Return Request,Sleep Aid and Accessories,4
15.04.16,Pillow Defect,Pillow,6
16.04.16,Delivery Delay,Mattress,2
17.04.16,Incorrect Item,Pillow,4
18.04.16,Return Request,Sleep Aid and Accessories,7
19.04.16,Pillow Defect,Pillow,8
20.04.16,Delivery Delay,Mattress,2
21.04.16,Incorrect Item,Pillow,1
22.04.16,Return Request,Sleep Aid and Accessories,1
23.04.16,Pillow Defect,Pillow,1
24.04.16,Delivery Delay,Mattress,1
25.04.16,Incorrect Item,Pillow,1
26.04.16,Return Request,Sleep Aid and Accessories,1
27.04.16,Delivery Delay,Sleep Aid and Accessories,1
28.04.16,Delivery Delay,Mattress,1
28.04.16,Incorrect Item,Pillow,1
28.04.16,Return Request,Sleep Aid and Accessories,1
28.04.16,Pillow Defect,Pillow,2
28.04.16,Delivery Delay,Mattress,3
28.04.16,Incorrect Item,Pillow,4
28.04.16,Return Request,Sleep Aid and Accessories,2
28.04.16,Pillow Defect,Pillow,2
29.04.16,Delivery Delay,Mattress,2
29.04.16,Incorrect Item,Pillow,2
29.04.16,Return Request,Sleep Aid and Accessories,2
29.04.16,Pillow Defect,Pillow,2
30.04.16,Delivery Delay,Mattress,3
30.04.16,Incorrect Item,Pillow,8
30.04.16,Return Request,Sleep Aid and Accessories,2
30.04.16,Pillow Defect,Pillow,3
30.04.16,Delivery Delay,Mattress,4
30.04.16,Return Request,Pillow,5
01.05.16,Delivery Delay,Sleep Aid and Accessories,6
02.05.16,Delivery Delay,Pillow,7
02.05.16,Incorrect Item,Mattress,8
02.05.16,Return Request,Pillow,6
02.05.16,Delivery Delay,Sleep Aid and Accessories,10
02.05.16,Delivery Delay,Pillow,11
02.05.16,Incorrect Item,Mattress,12
02.05.16,Return Request,Pillow,13
02.05.16,Delivery Delay,Sleep Aid and Accessories,2
02.05.16,Delivery Delay,Pillow,3
03.05.16,Incorrect Item,Mattress,4
04.05.16,Return Request,Pillow,5
04.05.16,Delivery Delay,Sleep Aid and Accessories,6
04.05.16,Delivery Delay,Pillow,7
04.05.16,Incorrect Item,Mattress,8
04.05.16,Return Request,Pillow,2
04.05.16,Delivery Delay,Sleep Aid and Accessories,3
04.05.16,Delivery Delay,Pillow,4
04.05.16,Incorrect Item,Mattress,5
05.05.16,Return Request,Pillow,2
05.05.16,Delivery Delay,Sleep Aid and Accessories,2
05.05.16,Delivery Delay,Pillow,2
05.05.16,Incorrect Item,Mattress,2
05.05.16,Return Request,Pillow,2
05.05.16,Delivery Delay,Sleep Aid and Accessories,2
05.05.16,Delivery Delay,Pillow,2
05.05.16,Incorrect Item,Mattress,1
05.05.16,Return Request,Pillow,1
05.05.16,Delivery Delay,Sleep Aid and Accessories,1
05.05.16,Delivery Delay,Pillow,1
06.05.16,Incorrect Item,Mattress,1
06.05.16,Return Request,Pillow,1
06.05.16,Delivery Delay,Sleep Aid and Accessories,1
06.05.16,Delivery Delay,Pillow,1
06.05.16,Incorrect Item,Mattress,1
06.05.16,Return Request,Pillow,1
06.05.16,Delivery Delay,Sleep Aid and Accessories,3
06.05.16,Delivery Delay,Pillow,3
06.05.16,Incorrect Item,Mattress,2
06.05.16,Return Request,Sleep Aid and Accessories,2
06.05.16,Pillow Defect,Pillow,2
06.05.16,Delivery Delay,Mattress,2
06.05.16,Incorrect Item,Pillow,3
07.05.16,Return Request,Sleep Aid and Accessories,8
07.05.16,Pillow Defect,Pillow,2
07.05.16,Delivery Delay,Mattress,3
07.05.16,Incorrect Item,Pillow,4
07.05.16,Return Request,Sleep Aid and Accessories,1
07.05.16,Pillow Defect,Pillow,1
07.05.16,Delivery Delay,Mattress,1
07.05.16,Delivery Delay,Sleep Aid and Accessories,1
07.05.16,Delivery Delay,Mattress,2
07.05.16,Incorrect Item,Pillow,3
08.05.16,Return Request,Sleep Aid and Accessories,4
09.05.16,Pillow Defect,Pillow,5
09.05.16,Delivery Delay,Mattress,6
09.05.16,Incorrect Item,Pillow,7
09.05.16,Return Request,Sleep Aid and Accessories,8
09.05.16,Pillow Defect,Pillow,9
09.05.16,Delivery Delay,Mattress,10
09.05.16,Incorrect Item,Pillow,11
10.05.16,Return Request,Sleep Aid and Accessories,12
10.05.16,Pillow Defect,Pillow,13
10.05.16,Delivery Delay,Mattress,2
10.05.16,Incorrect Item,Pillow,3
10.05.16,Return Request,Sleep Aid and Accessories,4
10.05.16,Pillow Defect,Pillow,5
10.05.16,Delivery Delay,Mattress,6
10.05.16,Incorrect Item,Pillow,7
10.05.16,Return Request,Sleep Aid and Accessories,8
10.05.16,Delivery Delay,Sleep Aid and Accessories,6
11.05.16,Delivery Delay,Mattress,7
11.05.16,Incorrect Item,Pillow,8
11.05.16,Return Request,Sleep Aid and Accessories,9
11.05.16,Pillow Defect,Pillow,1
11.05.16,Delivery Delay,Mattress,2
11.05.16,Incorrect Item,Pillow,3
11.05.16,Return Request,Sleep Aid and Accessories,4
11.05.16,Pillow Defect,Pillow,6
11.05.16,Delivery Delay,Mattress,2
11.05.16,Incorrect Item,Pillow,4
11.05.16,Incorrect Item,Pillow,7
11.05.16,Return Request,Sleep Aid and Accessories,8
12.05.16,Delivery Delay,Sleep Aid and Accessories,6
13.05.16,Delivery Delay,Mattress,7
14.05.16,Incorrect Item,Pillow,8
15.05.16,Return Request,Sleep Aid and Accessories,9
16.05.16,Pillow Defect,Pillow,1
17.05.16,Delivery Delay,Mattress,2
18.05.16,Incorrect Item,Pillow,3
19.05.16,Return Request,Sleep Aid and Accessories,4
20.05.16,Pillow Defect,Pillow,6
21.05.16,Delivery Delay,Mattress,2
22.05.16,Incorrect Item,Pillow,4
23.05.16,Return Request,Sleep Aid and Accessories,7
24.05.16,Pillow Defect,Pillow,8
25.05.16,Delivery Delay,Mattress,2
26.05.16,Incorrect Item,Pillow,1
27.05.16,Return Request,Sleep Aid and Accessories,1
28.05.16,Pillow Defect,Pillow,1
29.05.16,Delivery Delay,Mattress,1
30.05.16,Incorrect Item,Pillow,1
31.05.16,Return Request,Sleep Aid and Accessories,1
01.06.16,Delivery Delay,Sleep Aid and Accessories,1
02.06.16,Delivery Delay,Mattress,1
03.06.16,Incorrect Item,Pillow,1
04.06.16,Return Request,Sleep Aid and Accessories,1
05.06.16,Pillow Defect,Pillow,2
06.06.16,Delivery Delay,Mattress,3
07.06.16,Incorrect Item,Pillow,4
08.06.16,Return Request,Sleep Aid and Accessories,2
09.06.16,Pillow Defect,Pillow,2
10.06.16,Delivery Delay,Mattress,2
11.06.16,Incorrect Item,Pillow,2
12.06.16,Return Request,Sleep Aid and Accessories,2
13.06.16,Pillow Defect,Pillow,2
14.06.16,Delivery Delay,Mattress,3
15.06.16,Incorrect Item,Pillow,8
16.06.16,Return Request,Sleep Aid and Accessories,2
17.06.16,Pillow Defect,Pillow,3
18.06.16,Delivery Delay,Mattress,4
19.06.16,Return Request,Pillow,5
20.06.16,Delivery Delay,Sleep Aid and Accessories,6
21.06.16,Delivery Delay,Pillow,7
22.06.16,Incorrect Item,Mattress,8
23.06.16,Return Request,Pillow,6
24.06.16,Delivery Delay,Sleep Aid and Accessories,10
25.06.16,Delivery Delay,Pillow,11
26.06.16,Incorrect Item,Mattress,12
27.06.16,Return Request,Pillow,13
28.06.16,Delivery Delay,Sleep Aid and Accessories,2
29.06.16,Delivery Delay,Pillow,3
30.06.16,Incorrect Item,Mattress,4
01.07.16,Return Request,Pillow,5
02.07.16,Delivery Delay,Sleep Aid and Accessories,6
03.07.16,Delivery Delay,Pillow,7
04.07.16,Incorrect Item,Mattress,8
05.07.16,Return Request,Pillow,2
06.07.16,Delivery Delay,Sleep Aid and Accessories,3
07.07.16,Delivery Delay,Pillow,4
,,,