﻿ticket_id,customer_name,email,comment
1,Alice Johnson,alice.johnson@email.com,The mattress delivery was delayed
2,David Smith,david.smith@email.com,Having trouble understanding the warranty details
3,Sophie Turner,sophie.turner@email.com,Ordered a pillow
4,Chris Harris,chris.harris@email.com,The customer support team was responsive and addressed my concerns promptly.
5,Rachel Miller,rachel.miller@email.com,Exploring different mattresses online
6,John Davis,john.davis@email.com,Received the wrong pillow in my order
7,Emily Wilson,emily.wilson@email.com,Interested in a virtual mattress trial
8,Robert Johnson,robert.johnson@email.com,Quality of the mattress protector is not as expected
9,Megan Thompson,megan.thompson@email.com,Product care instructions for the mattress are unclear
10,Daniel White,daniel.white@email.com,Exploring options for mattress protection
11,Sophia Martinez,sophia.martinez@email.com,Concerned about the firmness level of the mattress
12,Brian Taylor,brian.taylor@email.com,Looking for information on how to participate in loyalty programs or promotions.
13,Ella Davis,ella.davis@email.com,The support team was helpful in guiding me through the mattress selection process.
14,Henry Clark,henry.clark@email.com,Having issues with the online order process
15,Ava Anderson,ava.anderson@email.com,Interested in new product launches
16,Carter Wilson,carter.wilson@email.com,Received damaged products
17,Grace Turner,grace.turner@email.com,The virtual trial experience was smooth and informative
18,Liam Harris,liam.harris@email.com,Concerned about the environmental impact of mattress disposal
19,Nora White,nora.white@email.com,Having trouble with the payment process on the website
20,Zoe Smith,zoe.smith@email.com,The mattress is too firm for my liking
21,Oliver Turner,oliver.turner@email.com,"The mattress is intolerably firm, making it utterly uncomfortable for my liking."
22,Emma Anderson,emma.anderson@email.com,I'm utterly struggling with extreme difficulty navigating the website and urgently require user-friendly improvements.
23,Logan Harris,logan.harris@email.com,"Despite receiving a promotional email, the inability to locate the advertised discount during checkout is incredibly frustrating."
24,Aria Martinez,aria.martinez@email.com,"Considering a mattress upgrade, I'm desperately seeking advice on the absolute best options available for an exceptional sleeping experience."
25,Jack Davis,jack.davis@email.com,"While the support team responded quickly, the solution provided was entirely inadequate and failed to resolve my critical issue."
26,Isabella Thompson,isabella.thompson@email.com,I'm intensely interested in personalized offers and desperately looking for exclusive discounts tailored precisely to my preferences.
27,Noah White,noah.white@email.com,"Actively exploring the return policy, I urgently want to understand the process and all associated conditions in great detail."
28,Ava Smith,ava.smith@email.com,"The product information on the website is shockingly inconsistent, and I urgently need accurate details for making an informed decision."
29,Lucas Wilson,lucas.wilson@email.com,"Concerned about the durability of pillows, I'm urgently seeking profound insights into their long-term performance."
30,Sophie Harris,sophie.harris@email.com,"Experiencing an unacceptably long delay in response from customer support, I urgently need significantly quicker assistance."
31,Ethan Turner,ethan.turner@email.com,"Deeply interested in sleep-related content, I'm desperately looking for articles or guides that offer radical improvements in sleep quality."
32,Madison Davis,madison.davis@email.com,"The product descriptions are incredibly unclear, leaving me in dire need of more details to make an informed purchase."
33,Alexander White,alexander.white@email.com,"While the mattress trial process was somewhat smooth, I'm now seriously contemplating a final purchase decision."
34,Scarlett Martinez,scarlett.martinez@email.com,"Actively exploring financing options for mattress purchases, I'm urgently seeking highly flexible plans that cater to my extreme preferences."
35,Henry Johnson,henry.johnson@email.com,"The checkout process is outrageously confusing, and I urgently require guidance on successfully completing the purchase."
36,Mia Turner,mia.turner@email.com,"Deeply interested in bulk purchases for a hotel project, I'm urgently exploring potential discounts of extraordinary value."
37,Caleb Thompson,caleb.thompson@email.com,The website's live chat feature was immensely helpful in addressing my pre-purchase queries and deserves exceptional praise.
38,Amelia Harris,amelia.harris@email.com,I'm actively seeking recommendations on the absolute best mattress for extreme back pain relief.
39,Daniel Wilson,daniel.wilson@email.com,"Having received damaged products, I'm in dire need of assistance with a replacement or refund process of the highest urgency."
40,Lily Smith,lily.smith@email.com,"Immensely interested in upcoming promotions or sales events, I'm eagerly searching for exclusive offers of unparalleled value."
41,Olivia Turner,olivia.turner@email.com,The mattress delivery was prompt but the packaging was damaged.
42,Liam Anderson,liam.anderson@email.com,Received the wrong mattress size need assistance with an exchange.
43,Ella Harris,ella.harris@email.com,The live chat support team was helpful in answering my product-related queries.
44,Benjamin Martinez,benjamin.martinez@email.com,Looking for guidance on mattress care and maintenance seeking tips.
45,Chloe Davis,chloe.davis@email.com,Interested in discounts for bulk pillow purchases exploring cost-effective options.
46,Jackson Thompson,jackson.thompson@email.com,The virtual mattress trial was informative considering different firmness levels.
47,Avery White,avery.white@email.com,Product specifications on the website are unclear need accurate details for decision-making.
48,Grace Smith,grace.smith@email.com,Concerned about the environmental impact of mattress production seeking eco-friendly options.
49,Lucas Wilson,lucas.wilson@email.com,The support team provided conflicting information looking for clarification.
50,Sophia Harris,sophia.harris@email.com,Interested in receiving newsletters with sleep-related tips and advice.
51,Ethan Turner,ethan.turner@email.com,The order confirmation email did not include all items need verification.
52,Aria Davis,aria.davis@email.com,Looking for options to customize pillow firmness seeking personalized solutions.
53,Noah Thompson,noah.thompson@email.com,The website's search functionality is not working properly need technical support.
54,Ava Smith,ava.smith@email.com,Interested in financing options for mattress purchases looking for flexible payment plans.
55,Leo Johnson,leo.johnson@email.com,The return process for accessories is unclear need assistance with returns.
56,Mila Turner,mila.turner@email.com,The support team was knowledgeable and assisted in choosing the right mattress.
57,Owen Harris,owen.harris@email.com,Concerned about the return policy looking for details on the process and conditions.
58,Aurora Martinez,aurora.martinez@email.com,Exploring mattress topper options seeking recommendations for added comfort.
59,Elijah Wilson,elijah.wilson@email.com,Interested in loyalty programs looking for information on exclusive member benefits.
60,Aiden Smith,aiden.smith@email.com,Received a damaged mattress need assistance with a replacement or refund.
61,Ava Davis,ava.davis@email.com,The website's product descriptions are unclear need more details for informed decisions.
62,Henry Turner,henry.turner@email.com,Interested in mattress customization options seeking tailored solutions.
63,Sophie White,sophie.white@email.com,The support team was responsive but the solution provided did not resolve my issue.
64,Ethan Thompson,ethan.thompson@email.com,The checkout process was smooth but the payment confirmation email is missing.
65,Lily Harris,lily.harris@email.com,Exploring options for mattress disposal looking for eco-friendly and sustainable solutions.
66,Owen Wilson,owen.wilson@email.com,Received a promotional email but couldn't find the advertised discount during checkout.
67,Mia Martinez,mia.martinez@email.com,Interested in upcoming sales events looking for exclusive offers.
68,Lucas Johnson,lucas.johnson@email.com,The mattress trial experience was informative considering a final purchase decision.
69,Chloe Turner,chloe.turner@email.com,Concerned about the durability of pillows seeking insights into long-term performance.
70,Benjamin Davis,benjamin.davis@email.com,Exploring options for mattress protection looking for suitable products.
71,Aria Smith,aria.smith@email.com,The support team was quick to respond but the solution provided did not resolve my issue.
72,Olivia Harris,olivia.harris@email.com,Interested in sleep-related content looking for articles or guides on improving sleep quality.
73,Jackson Thompson,jackson.thompson@email.com,The checkout process is confusing need guidance on completing the purchase successfully.
74,Emma Wilson,emma.wilson@email.com,Concerned about the firmness level of the mattress seeking advice.
75,Avery Davis,avery.davis@email.com,Interested in personalized offers looking for exclusive discounts based on preferences.
76,Grace Turner,grace.turner@email.com,Exploring the return policy want to understand the process and conditions.
77,Liam Smith,liam.smith@email.com,The website's live chat feature was helpful in addressing my pre-purchase queries.
78,Aurora Harris,aurora.harris@email.com,Looking for recommendations on the best mattress for back pain relief.
79,Leo Martinez,leo.martinez@email.com,Received damaged products need assistance with a replacement or refund.
80,Natalie Turner,natalie.turner@email.com,The website's navigation is incredibly confusing; I'm desperately struggling to find any specific mattress details.
81,Logan Harris,logan.harris@email.com,I'm intensely interested in upcoming mattress models and urgently looking for information on any new releases.
82,Scarlett Davis,scarlett.davis@email.com,"While the customer support team was somewhat helpful, the response time was painfully slow and needs substantial improvement."
83,Elijah Smith,elijah.smith@email.com,I'm actively exploring options for mattress accessories and desperately seeking expert recommendations.
84,Aria Martinez,aria.martinez@email.com,I'm seriously concerned about the mattress firmness and urgently looking for alternatives with vastly different levels.
85,Caleb Thompson,caleb.thompson@email.com,"Although the checkout process was relatively smooth, the absence of delivery tracking information is incredibly frustrating."
86,Madison White,madison.white@email.com,I'm highly interested in sleep accessories and urgently looking for complementary products.
87,Isaac Johnson,isaac.johnson@email.com,"The website's product images are excessively unclear, and I urgently need more detailed views for an informed decision."
88,Hazel Turner,hazel.turner@email.com,"While the mattress trial process was somewhat smooth and informative, I'm actively considering a final purchase."
89,Oliver Harris,oliver.harris@email.com,I'm experiencing significant difficulty navigating the website and urgently need user-friendly improvements.
90,Emma Anderson,emma.anderson@email.com,"Despite receiving a promotional email, I couldn't find the advertised discount during checkout, causing major frustration."
91,Logan Harris,logan.harris@email.com,I'm strongly considering a mattress upgrade and urgently seeking advice on the absolute best options available.
92,Aria Martinez,aria.martinez@email.com,"Although the support team was quick to respond, the solution provided did not in any way resolve my pressing issue."
93,Jack Davis,jack.davis@email.com,I'm highly interested in personalized offers and urgently looking for exclusive discounts tailored to my preferences.
94,Isabella Thompson,isabella.thompson@email.com,I'm deeply exploring the return policy and urgently want to understand the process and all associated conditions.
95,Noah White,noah.white@email.com,"Product information on the website is outrageously inconsistent, and I urgently need accurate details for decision-making."
96,Ava Smith,ava.smith@email.com,I'm seriously concerned about the durability of pillows and urgently seeking insights into their long-term performance.
97,Lucas Wilson,lucas.wilson@email.com,I experienced an unacceptably long delay in response from customer support and urgently need quicker assistance.
98,Sophie Harris,sophie.harris@email.com,I'm intensely interested in sleep-related content and urgently looking for articles or guides on significantly improving sleep quality.
99,Ethan Turner,ethan.turner@email.com,"Product descriptions are alarmingly unclear, and I urgently need more details to make a truly informed purchase."