﻿product_id;product_name
1;Memory Foam Mattress
2;Latex Mattress
3;Hybrid Mattress
4;Pillow-Top Mattress
5;Adjustable Bed Base
6;Gel-Infused Pillow
7;Memory Foam Pillow
8;Latex Pillow
9;Mattress Protector
10;Weighted Blanket
11;Anti-Snoring Pillow
12;Cooling Mattress Topper
13;Adjustable Pillow
14;Down-Alternative Comforter
15;Bedding Set
16;Sleep Tracker
17;LED Reading Light
18;Aromatherapy Diffuser
19;Bamboo Sheet Set
20;Pillowcase Collection
21;Fitted Mattress Sheet
22;Hypoallergenic Pillow
23;Sleep Aid Supplement
24;Essential Oil Set
25;Sleep Mask
26;White Noise Machine
27;Lavender Spray
28;Weighted Eye Mask
29;Snore Reducer
30;Leg Wedge Pillow